{
  "games": 360,
  "traitorWinRate": 0.1638888888888889,
  "traitorExposureRate": 0.7138888888888889,
  "accusationsPerGame": 1.0055555555555555,
  "accusationAccuracy": 0.7099447513812155
}
