{
  "games": 360,
  "traitorWinRate": 0.19722222222222222,
  "traitorExposureRate": 0.6555555555555556,
  "accusationsPerGame": 0.825,
  "accusationAccuracy": 0.7946127946127947
}
