{
  "games": 360,
  "traitorWinRate": 0.3527777777777778,
  "traitorExposureRate": 0.5944444444444444,
  "accusationsPerGame": 0.7305555555555555,
  "accusationAccuracy": 0.8136882129277566
}
