{
  "games": 360,
  "traitorWinRate": 0.18333333333333332,
  "traitorExposureRate": 0.7333333333333333,
  "accusationsPerGame": 0.9194444444444444,
  "accusationAccuracy": 0.797583081570997
}
