{
  "games": 360,
  "traitorWinRate": 0.33055555555555555,
  "traitorExposureRate": 0.6277777777777778,
  "accusationsPerGame": 0.7972222222222223,
  "accusationAccuracy": 0.7874564459930313
}
