{
  "games": 360,
  "traitorWinRate": 0.3416666666666667,
  "traitorExposureRate": 0.5194444444444445,
  "accusationsPerGame": 0.6027777777777777,
  "accusationAccuracy": 0.8617511520737328
}
