{
  "games": 360,
  "traitorWinRate": 0.17777777777777778,
  "traitorExposureRate": 0.6194444444444445,
  "accusationsPerGame": 0.85,
  "accusationAccuracy": 0.7287581699346405
}
