{
  "games": 360,
  "traitorWinRate": 0.34444444444444444,
  "traitorExposureRate": 0.525,
  "accusationsPerGame": 0.6083333333333333,
  "accusationAccuracy": 0.863013698630137
}
