{
  "games": 360,
  "traitorWinRate": 0.18611111111111112,
  "traitorExposureRate": 0.5694444444444444,
  "accusationsPerGame": 0.8055555555555556,
  "accusationAccuracy": 0.7068965517241379
}
