{
  "games": 360,
  "traitorWinRate": 0.18055555555555555,
  "traitorExposureRate": 0.5611111111111111,
  "accusationsPerGame": 0.7944444444444444,
  "accusationAccuracy": 0.7062937062937062
}
