{
  "games": 360,
  "traitorWinRate": 0.19444444444444445,
  "traitorExposureRate": 0.5722222222222222,
  "accusationsPerGame": 0.8111111111111111,
  "accusationAccuracy": 0.7054794520547946
}
