{
  "games": 360,
  "traitorWinRate": 0.31666666666666665,
  "traitorExposureRate": 0.5138888888888888,
  "accusationsPerGame": 0.6416666666666667,
  "accusationAccuracy": 0.8008658008658008
}
