{
  "games": 360,
  "traitorWinRate": 0.15833333333333333,
  "traitorExposureRate": 0.6944444444444444,
  "accusationsPerGame": 0.8888888888888888,
  "accusationAccuracy": 0.78125
}
