{
  "games": 360,
  "traitorWinRate": 0.17222222222222222,
  "traitorExposureRate": 0.6694444444444444,
  "accusationsPerGame": 0.8333333333333334,
  "accusationAccuracy": 0.8033333333333333
}
