{
  "games": 360,
  "traitorWinRate": 0.19444444444444445,
  "traitorExposureRate": 0.6194444444444445,
  "accusationsPerGame": 0.8083333333333333,
  "accusationAccuracy": 0.7663230240549829
}
