{
  "games": 360,
  "traitorWinRate": 0.20833333333333334,
  "traitorExposureRate": 0.6833333333333333,
  "accusationsPerGame": 0.85,
  "accusationAccuracy": 0.803921568627451
}
