{
  "games": 360,
  "traitorWinRate": 0.33055555555555555,
  "traitorExposureRate": 0.6277777777777778,
  "accusationsPerGame": 0.7916666666666666,
  "accusationAccuracy": 0.7929824561403509
}
