{
  "games": 360,
  "traitorWinRate": 0.3611111111111111,
  "traitorExposureRate": 0.5972222222222222,
  "accusationsPerGame": 0.7361111111111112,
  "accusationAccuracy": 0.8113207547169812
}
